epoch,time,train/box_loss,train/cls_loss,train/dfl_loss,metrics/precision(B),metrics/recall(B),metrics/mAP50(B),metrics/mAP50-95(B),val/box_loss,val/cls_loss,val/dfl_loss,lr/pg0
1,15.5361,1.74603,3.76163,1.8246,0.0091,0.68343,0.10352,0.04856,1.98597,3.56026,2.10591,0.0032963
2,30.3976,1.64821,3.13085,1.73081,0.1452,0.19197,0.11261,0.04418,2.2783,3.30854,2.50681,0.006564
3,44.9513,1.71069,2.63326,1.7549,0.03754,0.05901,0.01456,0.00426,3.20455,4.49729,3.35015,0.0097657
4,59.5031,1.7652,2.45123,1.78009,0.28447,0.11984,0.07498,0.02743,3.0954,4.07421,3.10648,0.009703
5,74.2533,1.72031,2.33514,1.77879,0.10609,0.11448,0.05922,0.01474,2.9736,4.39409,3.4078,0.00968144
6,89.4401,1.68988,2.20553,1.73499,0.356,0.01649,0.01227,0.00325,3.15401,4.96592,3.7647,0.00965513
7,104.099,1.668,2.1276,1.74599,0.20493,0.27688,0.11022,0.03204,2.45484,3.44837,2.79735,0.0096241
8,119.261,1.65797,2.05857,1.73633,0.6343,0.21436,0.21767,0.0901,2.27858,2.87435,2.52809,0.00958838
9,134.972,1.63943,2.00897,1.71626,0.57179,0.16683,0.19143,0.07656,2.24703,3.27997,2.6065,0.00954801
10,149.419,1.62888,1.95671,1.69182,0.35387,0.36484,0.2253,0.09908,2.3394,3.65031,2.67936,0.00950302
11,163.721,1.63063,1.88735,1.67232,0.31618,0.40844,0.33158,0.14418,1.91682,2.3317,2.09611,0.00945345
12,178.161,1.59929,1.88435,1.68489,0.59348,0.37647,0.34572,0.1358,2.208,2.47049,2.33447,0.00939937
13,192.657,1.57904,1.80674,1.65312,0.52964,0.5258,0.52825,0.24521,1.75527,1.81229,1.95284,0.00934081
14,206.942,1.57239,1.80176,1.66402,0.7068,0.20428,0.19775,0.08056,2.3668,3.16247,2.71735,0.00927785
15,221.286,1.56535,1.76683,1.65366,0.4625,0.42871,0.37938,0.1658,1.9174,2.08455,2.13069,0.00921053
16,235.642,1.53841,1.72569,1.63276,0.57384,0.35176,0.35394,0.15717,2.18086,2.36933,2.2769,0.00913893
17,251.143,1.55861,1.71415,1.65499,0.68437,0.07761,0.09462,0.04394,2.45031,3.88539,2.8076,0.00906312
18,265.59,1.51262,1.66844,1.61773,0.49349,0.55445,0.51294,0.23115,1.81873,1.95952,1.99598,0.00898317
19,279.974,1.52957,1.67266,1.62144,0.50788,0.07675,0.10198,0.04013,2.61955,3.81362,2.86659,0.00889917
20,294.323,1.49917,1.63892,1.59876,0.6119,0.41498,0.41997,0.2048,1.86066,2.40551,2.0651,0.00881119
21,308.742,1.50804,1.62206,1.61507,0.59194,0.47928,0.53555,0.2432,1.77183,1.80228,1.99165,0.00871931
22,322.933,1.50535,1.61971,1.61782,0.63026,0.45733,0.52742,0.22982,1.79647,1.89902,2.07804,0.00862365
23,337.481,1.47283,1.58006,1.59715,0.49959,0.49123,0.50674,0.22257,1.89566,2.09008,2.14264,0.00852427
24,351.725,1.47426,1.58739,1.59021,0.57976,0.41538,0.46136,0.20804,1.91242,2.0328,2.16944,0.00842129
25,366.044,1.47445,1.58664,1.59488,0.43927,0.2953,0.24937,0.1071,2.22876,3.36303,2.52818,0.00831481
26,380.255,1.46281,1.53147,1.57946,0.57209,0.60773,0.62989,0.3015,1.72052,1.57389,1.90159,0.00820493
27,394.602,1.45864,1.52036,1.58154,0.70902,0.4941,0.60224,0.27651,1.76412,1.68654,1.96577,0.00809176
28,409.02,1.48098,1.51584,1.58292,0.46872,0.21187,0.23876,0.08835,2.40357,3.27077,2.68937,0.00797541
29,423.249,1.42609,1.50348,1.55894,0.57798,0.62241,0.65249,0.31364,1.64976,1.58979,1.83694,0.00785599
30,437.511,1.42947,1.49479,1.55997,0.63254,0.35951,0.42653,0.18956,1.9891,2.32608,2.27551,0.00773363
31,451.73,1.42215,1.46638,1.55864,0.56221,0.65456,0.66266,0.31378,1.70662,1.57224,1.89549,0.00760844
32,465.939,1.43063,1.45155,1.54884,0.66606,0.45481,0.54208,0.25392,1.84036,1.7735,2.07392,0.00748056
33,480.264,1.43759,1.46762,1.55874,0.52542,0.58817,0.60037,0.28762,1.76092,1.66922,1.9502,0.00735009
34,494.616,1.41578,1.47164,1.53522,0.51301,0.46636,0.51472,0.22953,1.76804,1.8481,1.94175,0.00721718
35,508.928,1.41125,1.44135,1.52824,0.52892,0.48451,0.52983,0.26071,1.80484,1.98251,1.97572,0.00708196
36,523.273,1.40858,1.40901,1.52413,0.57013,0.62334,0.66469,0.31972,1.64075,1.54363,1.87048,0.00694455
37,537.626,1.40596,1.4239,1.53303,0.36515,0.4346,0.37961,0.17032,2.00179,2.50612,2.29387,0.00680509
38,551.97,1.38681,1.39438,1.5241,0.50269,0.62505,0.62231,0.31068,1.61937,1.57435,1.84326,0.00666373
39,566.303,1.38996,1.39828,1.52218,0.5933,0.585,0.63983,0.31125,1.68322,1.56834,1.87844,0.0065206
40,580.429,1.39372,1.40689,1.52091,0.30328,0.38336,0.32158,0.13709,2.29121,2.93404,2.66137,0.00637583
41,594.718,1.36428,1.36818,1.50027,0.53947,0.50873,0.53023,0.24504,1.77368,1.8138,1.99066,0.00622959
42,608.999,1.37806,1.35286,1.49929,0.59655,0.66526,0.68484,0.34697,1.59969,1.46361,1.78611,0.006082
43,623.306,1.34571,1.33831,1.48708,0.62302,0.65134,0.70381,0.34206,1.62772,1.44605,1.84931,0.00593321
44,637.618,1.34976,1.33629,1.49449,0.66583,0.58093,0.67166,0.31755,1.68692,1.52358,1.92435,0.00578338
45,651.958,1.33748,1.33631,1.49139,0.5512,0.63916,0.65031,0.33188,1.64227,1.48566,1.87508,0.00563265
46,666.463,1.33711,1.30821,1.48588,0.66121,0.6655,0.70532,0.36124,1.59997,1.37692,1.81256,0.00548116
47,680.826,1.34358,1.31853,1.48838,0.60153,0.67179,0.68992,0.35452,1.57533,1.40611,1.77284,0.00532908
48,695.975,1.33211,1.29967,1.4835,0.60857,0.61777,0.66616,0.33143,1.62986,1.46684,1.82987,0.00517654
49,710.341,1.33365,1.27642,1.4811,0.65872,0.65409,0.70204,0.34195,1.64701,1.40294,1.88666,0.0050237
50,724.596,1.32299,1.27881,1.4775,0.42478,0.48133,0.45371,0.21534,1.97812,2.33,2.27617,0.0048707
51,739.007,1.32382,1.28048,1.46746,0.60265,0.62716,0.66019,0.32936,1.62138,1.45316,1.81607,0.00471771
52,753.201,1.30975,1.27783,1.46245,0.63591,0.68709,0.7185,0.37808,1.55878,1.33119,1.76304,0.00456487
53,767.579,1.29899,1.26957,1.45654,0.42028,0.47666,0.44833,0.21547,1.91726,2.24956,2.15104,0.00441233
54,781.867,1.30403,1.25348,1.45913,0.63917,0.64767,0.70199,0.35476,1.61653,1.39903,1.79848,0.00426024
55,796.293,1.27402,1.21283,1.4341,0.60567,0.69086,0.71716,0.36349,1.55148,1.33858,1.77901,0.00410876
56,810.71,1.27557,1.21188,1.44484,0.6422,0.63811,0.68496,0.34844,1.62268,1.43503,1.81718,0.00395802
57,824.988,1.28932,1.24483,1.46008,0.51569,0.45661,0.50044,0.23022,1.93539,2.14762,2.16322,0.00380819
58,839.281,1.28173,1.23111,1.43436,0.66727,0.67762,0.73959,0.38428,1.54884,1.31358,1.74446,0.00365941
59,853.419,1.27623,1.20756,1.43763,0.62514,0.6873,0.74357,0.38345,1.54574,1.32335,1.75089,0.00351182
60,867.72,1.28613,1.21248,1.44786,0.61561,0.62151,0.67256,0.33198,1.65265,1.46024,1.8262,0.00336557
61,882.046,1.26174,1.18058,1.42527,0.64967,0.54441,0.61537,0.29848,1.72331,1.59778,1.86891,0.00322081
62,896.281,1.26864,1.19393,1.43319,0.6477,0.68853,0.73518,0.39046,1.53519,1.2858,1.73497,0.00307768
63,910.528,1.25429,1.19106,1.42016,0.36344,0.37249,0.37135,0.17232,2.05915,2.69222,2.24598,0.00293631
64,924.864,1.25926,1.18248,1.431,0.63596,0.69748,0.72805,0.3763,1.56467,1.36176,1.74719,0.00279686
65,939.225,1.2444,1.17428,1.41752,0.66363,0.66255,0.72917,0.38481,1.52635,1.29906,1.73455,0.00265945
66,953.623,1.25078,1.16051,1.41305,0.6494,0.6667,0.72079,0.38263,1.53956,1.31083,1.72687,0.00252422
67,968.205,1.2226,1.1282,1.39587,0.68894,0.62618,0.70309,0.3573,1.59276,1.40293,1.79107,0.00239131
68,982.445,1.22893,1.13826,1.40076,0.73287,0.65625,0.74895,0.37724,1.58766,1.29419,1.77074,0.00226085
69,996.69,1.23844,1.13953,1.4156,0.6651,0.62894,0.69587,0.35662,1.58036,1.38096,1.78591,0.00213296
70,1010.96,1.24456,1.14707,1.41597,0.59969,0.67781,0.69511,0.35209,1.58117,1.37963,1.76811,0.00200778
71,1025.19,1.22586,1.12452,1.40324,0.66435,0.66598,0.72794,0.38892,1.53503,1.2763,1.73611,0.00188541
72,1039.39,1.22437,1.10487,1.39616,0.69208,0.68621,0.73739,0.39199,1.52602,1.26142,1.73445,0.001766
73,1053.72,1.19288,1.10117,1.3808,0.61966,0.69174,0.7189,0.37544,1.55912,1.30347,1.76044,0.00164965
74,1068.05,1.20547,1.11052,1.3952,0.61205,0.61999,0.65277,0.32467,1.63272,1.50027,1.81561,0.00153648
75,1082.25,1.19214,1.10549,1.3925,0.70359,0.65824,0.73678,0.3946,1.51634,1.29134,1.71942,0.0014266
76,1096.58,1.21295,1.11426,1.39887,0.64384,0.69249,0.739,0.38932,1.55005,1.26948,1.74859,0.00132011
77,1110.82,1.17761,1.0909,1.378,0.69852,0.69056,0.75108,0.40337,1.52202,1.24406,1.724,0.00121713
78,1125.15,1.18744,1.0858,1.37867,0.6527,0.71144,0.73609,0.3934,1.51473,1.25131,1.72789,0.00111776
79,1139.38,1.20156,1.08623,1.386,0.70788,0.66511,0.73782,0.40134,1.52057,1.23682,1.71528,0.00102209
80,1153.81,1.19973,1.09379,1.3821,0.68072,0.70571,0.75856,0.40767,1.5048,1.2373,1.70789,0.000930222
81,1168.4,1.16464,1.0549,1.36565,0.67625,0.69406,0.74696,0.40533,1.51525,1.24093,1.72215,0.000842239
82,1182.78,1.16536,1.05614,1.36902,0.69352,0.67799,0.75284,0.40284,1.52915,1.23066,1.72915,0.000758233
83,1197.16,1.16408,1.04405,1.35803,0.70461,0.68565,0.75072,0.40042,1.52292,1.24398,1.71817,0.000678284
84,1211.37,1.17162,1.05862,1.37085,0.68516,0.69945,0.75884,0.41143,1.50385,1.24038,1.7145,0.000602473
85,1225.59,1.16262,1.04986,1.35745,0.69908,0.67295,0.74947,0.40444,1.50815,1.24628,1.71303,0.000530875
86,1239.89,1.16651,1.05556,1.36256,0.68711,0.69716,0.75411,0.40063,1.51504,1.24826,1.71402,0.000463559
87,1254.19,1.15904,1.05177,1.36129,0.6755,0.70518,0.74812,0.40463,1.51627,1.23889,1.72175,0.000400593
88,1268.71,1.15439,1.03598,1.35613,0.6912,0.68418,0.75238,0.4043,1.50802,1.23457,1.70976,0.000342038
89,1282.95,1.15577,1.03217,1.36006,0.65782,0.70309,0.75224,0.40571,1.50398,1.23117,1.70051,0.000287952
90,1297.39,1.15745,1.04827,1.34977,0.67535,0.6979,0.75398,0.40698,1.51813,1.22825,1.71347,0.000238389
91,1320.12,1.20022,1.09182,1.43134,0.66505,0.70734,0.74074,0.39808,1.52251,1.25736,1.72949,0.000193398
92,1333.15,1.16724,1.01771,1.40962,0.64657,0.71783,0.73815,0.3978,1.51234,1.23905,1.72008,0.000153022
93,1346.13,1.1567,0.99648,1.38926,0.64948,0.72081,0.73705,0.39984,1.50366,1.23589,1.71625,0.000117302
94,1359.08,1.15551,0.96944,1.39437,0.65818,0.70384,0.73514,0.39801,1.5118,1.24312,1.72062,8.62735e-05
95,1372.19,1.16055,0.98615,1.39557,0.64994,0.71381,0.73583,0.40004,1.50763,1.24448,1.71883,5.99664e-05
96,1385.09,1.14925,0.99763,1.40516,0.66109,0.70086,0.73555,0.39673,1.51707,1.24456,1.72433,3.8407e-05
97,1398.05,1.15214,0.98113,1.39657,0.66189,0.69982,0.73652,0.39891,1.51524,1.2452,1.72563,2.16164e-05
98,1410.99,1.14722,0.97933,1.39442,0.6605,0.7001,0.73815,0.40159,1.51401,1.2417,1.72293,9.61122e-06
99,1423.97,1.15995,0.9923,1.40127,0.64517,0.70551,0.73492,0.39882,1.51554,1.24276,1.72402,2.4034e-06
100,1436.9,1.15242,0.98767,1.40157,0.65077,0.71345,0.73618,0.39988,1.51423,1.24344,1.72419,0
